q2_type,q2_label,sample_count,sample_share,rvri_2023_mean,stock_mean_mean,stock_slope_mean,mismatch_mean_mean,light_slope_mean,ndbi_slope_mean
0,稳定占用型,47855,0.6030647864604993,0.3137832245263888,-0.6360574012072521,-0.017454536508461,-0.5034718613898552,0.0148057613574704,-0.0045409648449524
1,老城衰退型空置,11384,0.1434602346477133,0.560809352184364,1.4741282617221796,-0.0401465793888048,1.2300920097188903,0.1511891041231767,-0.0006560512199813
2,新区扩张型空置,10817,0.1363149471349539,0.4739885557886057,0.424564979407586,0.1044716831747568,0.2607304388758851,0.0207078999976144,0.009741552093633
3,过渡混合型,9297,0.1171600317568333,0.5081340240994623,0.9681826003784796,0.0117516460344295,0.7649846184750405,0.0765671741698362,0.0026266118604742
