{
  "data_basis": {
    "panel_time_grain": "annual",
    "validated_years": [
      2019,
      2020,
      2021,
      2022,
      2023
    ],
    "latest_snapshot_year": 2019,
    "total_rows": 397665,
    "snapshot_rows": 79260
  },
  "residential_candidate_filter": {
    "urban_quantile": 0.75,
    "urban_ndbi_threshold": -0.15792123406333863,
    "min_ndvi": 0.1,
    "snapshot_rows": 79260,
    "candidate_rows": 5823,
    "excluded_barren_or_remote_rows": 73437,
    "positive_light_candidate_rows": 3937,
    "neighbor_light_context_rows": 5805,
    "poi_context_rows": 80,
    "require_settlement_context": true
  },
  "method_effectiveness": {
    "full_sample": {
      "rows": 396302,
      "corr_rvri_light": 0.07108482972851345,
      "corr_rvri_mismatch": 0.675923743688284,
      "corr_rvri_ndbi": 0.8916604844897478,
      "corr_rvri_ndvi": -0.8265460116673219
    },
    "urban_subset": {
      "rows": 99076,
      "ndbi_threshold": -0.14726703031368155,
      "corr_rvri_light": -0.3513783108224797,
      "corr_rvri_mismatch": 0.5292813065770999
    },
    "core_subset": {
      "rows": 39631,
      "ndbi_threshold": -0.07057370109518717,
      "corr_rvri_light": -0.667930593147634,
      "corr_rvri_mismatch": 0.719512590321186
    },
    "works_for_q1": true
  },
  "spatial_autocorr": {
    "global_moran_i": 0.5097040442472197,
    "p_value": 0.01,
    "hh_count": 2079,
    "rows": 5823
  },
  "poi_validation": {
    "rows": 83,
    "ndbi_threshold": -0.15792123406333863,
    "spearman_rvri_poi": -0.22797646222322393,
    "pearson_rvri_poi_log": -0.26654647072513366
  },
  "coupling_coordination": {
    "rows": 19815,
    "ndbi_threshold": -0.15792123406333863,
    "ccdm_mean": 0.12891244642163616,
    "corr_rvri_vs_ccdm": -0.17577741923080276,
    "ccdm_distribution": {
      "严重失调": 15825,
      "轻度失调": 2920,
      "勉强协调": 925,
      "优质协调": 145
    }
  }
}