{
  "data_basis": {
    "panel_time_grain": "annual",
    "validated_years": [
      2019,
      2020,
      2021,
      2022,
      2023
    ],
    "latest_snapshot_year": 2022,
    "total_rows": 397665,
    "snapshot_rows": 79262
  },
  "residential_candidate_filter": {
    "urban_quantile": 0.75,
    "urban_ndbi_threshold": -0.15170437556026165,
    "min_ndvi": 0.1,
    "snapshot_rows": 79262,
    "candidate_rows": 7507,
    "excluded_barren_or_remote_rows": 71755,
    "positive_light_candidate_rows": 5279,
    "neighbor_light_context_rows": 7480,
    "poi_context_rows": 82,
    "require_settlement_context": true
  },
  "method_effectiveness": {
    "full_sample": {
      "rows": 396302,
      "corr_rvri_light": 0.07108482972851345,
      "corr_rvri_mismatch": 0.675923743688284,
      "corr_rvri_ndbi": 0.8916604844897478,
      "corr_rvri_ndvi": -0.8265460116673219
    },
    "urban_subset": {
      "rows": 99076,
      "ndbi_threshold": -0.14726703031368155,
      "corr_rvri_light": -0.3513783108224797,
      "corr_rvri_mismatch": 0.5292813065770999
    },
    "core_subset": {
      "rows": 39631,
      "ndbi_threshold": -0.07057370109518717,
      "corr_rvri_light": -0.667930593147634,
      "corr_rvri_mismatch": 0.719512590321186
    },
    "works_for_q1": true
  },
  "spatial_autocorr": {
    "global_moran_i": 0.5230744727205345,
    "p_value": 0.01,
    "hh_count": 2792,
    "rows": 7507
  },
  "poi_validation": {
    "rows": 85,
    "ndbi_threshold": -0.15170437556026165,
    "spearman_rvri_poi": -0.220432932665151,
    "pearson_rvri_poi_log": -0.230388475973149
  },
  "coupling_coordination": {
    "rows": 19816,
    "ndbi_threshold": -0.15170437556026165,
    "ccdm_mean": 0.15294851650903174,
    "corr_rvri_vs_ccdm": -0.1901043902704911,
    "ccdm_distribution": {
      "严重失调": 14464,
      "轻度失调": 4041,
      "勉强协调": 1108,
      "优质协调": 203
    }
  }
}